<application>
  <component name="DimensionService">
    <size key="GridCell.Tab.0.left.0.0.3840.2160@144dpi" width="3719" height="617" />
    <size key="GridCell.Tab.0.center.0.0.3840.2160@144dpi" width="3719" height="617" />
    <size key="GridCell.Tab.0.right.0.0.3840.2160@144dpi" width="3719" height="617" />
    <size key="GridCell.Tab.0.bottom.0.0.3840.2160@144dpi" width="3719" height="617" />
    <size key="GridCell.Tab.1.left.0.0.3840.2160@144dpi" width="3719" height="702" />
    <size key="GridCell.Tab.1.center.0.0.3840.2160@144dpi" width="3719" height="702" />
    <size key="GridCell.Tab.1.right.0.0.3840.2160@144dpi" width="3719" height="702" />
    <size key="GridCell.Tab.1.bottom.0.0.3840.2160@144dpi" width="3719" height="702" />
    <size key="GridCell.Tab.2.left.0.0.3840.2160@144dpi" width="3719" height="702" />
    <size key="GridCell.Tab.2.center.0.0.3840.2160@144dpi" width="3719" height="702" />
    <size key="GridCell.Tab.2.right.0.0.3840.2160@144dpi" width="3719" height="702" />
    <size key="GridCell.Tab.2.bottom.0.0.3840.2160@144dpi" width="3719" height="702" />
    <size key="GridCell.Tab.3.left.0.0.3840.2160@144dpi" width="3719" height="702" />
    <size key="GridCell.Tab.3.center.0.0.3840.2160@144dpi" width="3719" height="702" />
    <size key="GridCell.Tab.3.right.0.0.3840.2160@144dpi" width="3719" height="702" />
    <size key="GridCell.Tab.3.bottom.0.0.3840.2160@144dpi" width="3719" height="702" />
    <size key="GridCell.Tab.4.left.0.0.3840.2160@144dpi" width="3719" height="702" />
    <size key="GridCell.Tab.4.center.0.0.3840.2160@144dpi" width="3719" height="702" />
    <size key="GridCell.Tab.4.right.0.0.3840.2160@144dpi" width="3719" height="702" />
    <size key="GridCell.Tab.4.bottom.0.0.3840.2160@144dpi" width="3719" height="702" />
    <size key="GridCell.Tab.5.left.0.0.3840.2160@144dpi" width="3719" height="702" />
    <size key="GridCell.Tab.5.center.0.0.3840.2160@144dpi" width="3719" height="702" />
    <size key="GridCell.Tab.5.right.0.0.3840.2160@144dpi" width="3719" height="702" />
    <size key="GridCell.Tab.5.bottom.0.0.3840.2160@144dpi" width="3719" height="702" />
    <size key="GridCell.Tab.6.left.0.0.3840.2160@144dpi" width="3719" height="702" />
    <size key="GridCell.Tab.6.center.0.0.3840.2160@144dpi" width="3719" height="702" />
    <size key="GridCell.Tab.6.right.0.0.3840.2160@144dpi" width="3719" height="702" />
    <size key="GridCell.Tab.6.bottom.0.0.3840.2160@144dpi" width="3719" height="702" />
    <size key="GridCell.Tab.0.left.5760.0.3840.2160@144dpi" width="3719" height="888" />
    <size key="GridCell.Tab.0.center.5760.0.3840.2160@144dpi" width="3719" height="888" />
    <size key="GridCell.Tab.0.right.5760.0.3840.2160@144dpi" width="3719" height="888" />
    <size key="GridCell.Tab.0.bottom.5760.0.3840.2160@144dpi" width="3719" height="888" />
    <size key="GridCell.Tab.1.left.5760.0.3840.2160@144dpi" width="3719" height="725" />
    <size key="GridCell.Tab.1.center.5760.0.3840.2160@144dpi" width="3719" height="725" />
    <size key="GridCell.Tab.1.right.5760.0.3840.2160@144dpi" width="3719" height="725" />
    <size key="GridCell.Tab.1.bottom.5760.0.3840.2160@144dpi" width="3719" height="725" />
    <size key="GridCell.Tab.2.left.5760.0.3840.2160@144dpi" width="3719" height="725" />
    <size key="GridCell.Tab.2.center.5760.0.3840.2160@144dpi" width="3719" height="725" />
    <size key="GridCell.Tab.2.right.5760.0.3840.2160@144dpi" width="3719" height="725" />
    <size key="GridCell.Tab.2.bottom.5760.0.3840.2160@144dpi" width="3719" height="725" />
    <size key="GridCell.Tab.3.left.5760.0.3840.2160@144dpi" width="3719" height="725" />
    <size key="GridCell.Tab.3.center.5760.0.3840.2160@144dpi" width="3719" height="725" />
    <size key="GridCell.Tab.3.right.5760.0.3840.2160@144dpi" width="3719" height="725" />
    <size key="GridCell.Tab.3.bottom.5760.0.3840.2160@144dpi" width="3719" height="725" />
    <size key="GridCell.Tab.4.left.5760.0.3840.2160@144dpi" width="3719" height="725" />
    <size key="GridCell.Tab.4.center.5760.0.3840.2160@144dpi" width="3719" height="725" />
    <size key="GridCell.Tab.4.right.5760.0.3840.2160@144dpi" width="3719" height="725" />
    <size key="GridCell.Tab.4.bottom.5760.0.3840.2160@144dpi" width="3719" height="725" />
    <size key="GridCell.Tab.5.left.5760.0.3840.2160@144dpi" width="3719" height="725" />
    <size key="GridCell.Tab.5.center.5760.0.3840.2160@144dpi" width="3719" height="725" />
    <size key="GridCell.Tab.5.right.5760.0.3840.2160@144dpi" width="3719" height="725" />
    <size key="GridCell.Tab.5.bottom.5760.0.3840.2160@144dpi" width="3719" height="725" />
    <size key="GridCell.Tab.6.left.5760.0.3840.2160@144dpi" width="3719" height="725" />
    <size key="GridCell.Tab.6.center.5760.0.3840.2160@144dpi" width="3719" height="725" />
    <size key="GridCell.Tab.6.right.5760.0.3840.2160@144dpi" width="3719" height="725" />
    <size key="GridCell.Tab.6.bottom.5760.0.3840.2160@144dpi" width="3719" height="725" />
    <size key="GridCell.Tab.0.left.0.0.3840.2400@192dpi" width="3678" height="1098" />
    <size key="GridCell.Tab.0.center.0.0.3840.2400@192dpi" width="3678" height="1098" />
    <size key="GridCell.Tab.0.right.0.0.3840.2400@192dpi" width="3678" height="1098" />
    <size key="GridCell.Tab.0.bottom.0.0.3840.2400@192dpi" width="3678" height="1098" />
    <size key="GridCell.Tab.1.left.0.0.3840.2400@192dpi" width="3678" height="966" />
    <size key="GridCell.Tab.1.center.0.0.3840.2400@192dpi" width="3678" height="966" />
    <size key="GridCell.Tab.1.right.0.0.3840.2400@192dpi" width="3678" height="966" />
    <size key="GridCell.Tab.1.bottom.0.0.3840.2400@192dpi" width="3678" height="966" />
    <size key="GridCell.Tab.2.left.0.0.3840.2400@192dpi" width="3678" height="966" />
    <size key="GridCell.Tab.2.center.0.0.3840.2400@192dpi" width="3678" height="966" />
    <size key="GridCell.Tab.2.right.0.0.3840.2400@192dpi" width="3678" height="966" />
    <size key="GridCell.Tab.2.bottom.0.0.3840.2400@192dpi" width="3678" height="966" />
    <size key="GridCell.Tab.3.left.0.0.3840.2400@192dpi" width="3678" height="966" />
    <size key="GridCell.Tab.3.center.0.0.3840.2400@192dpi" width="3678" height="966" />
    <size key="GridCell.Tab.3.right.0.0.3840.2400@192dpi" width="3678" height="966" />
    <size key="GridCell.Tab.3.bottom.0.0.3840.2400@192dpi" width="3678" height="966" />
    <size key="GridCell.Tab.4.left.0.0.3840.2400@192dpi" width="3678" height="966" />
    <size key="GridCell.Tab.4.center.0.0.3840.2400@192dpi" width="3678" height="966" />
    <size key="GridCell.Tab.4.right.0.0.3840.2400@192dpi" width="3678" height="966" />
    <size key="GridCell.Tab.4.bottom.0.0.3840.2400@192dpi" width="3678" height="966" />
    <size key="GridCell.Tab.5.left.0.0.3840.2400@192dpi" width="3678" height="966" />
    <size key="GridCell.Tab.5.center.0.0.3840.2400@192dpi" width="3678" height="966" />
    <size key="GridCell.Tab.5.right.0.0.3840.2400@192dpi" width="3678" height="966" />
    <size key="GridCell.Tab.5.bottom.0.0.3840.2400@192dpi" width="3678" height="966" />
    <size key="GridCell.Tab.6.left.0.0.3840.2400@192dpi" width="3678" height="966" />
    <size key="GridCell.Tab.6.center.0.0.3840.2400@192dpi" width="3678" height="966" />
    <size key="GridCell.Tab.6.right.0.0.3840.2400@192dpi" width="3678" height="966" />
    <size key="GridCell.Tab.6.bottom.0.0.3840.2400@192dpi" width="3678" height="966" />
    <size key="GridCell.Tab.0.left.7680.0.3840.2400@192dpi" width="3678" height="1898" />
    <size key="GridCell.Tab.0.center.7680.0.3840.2400@192dpi" width="3678" height="1898" />
    <size key="GridCell.Tab.0.right.7680.0.3840.2400@192dpi" width="3678" height="1898" />
    <size key="GridCell.Tab.0.bottom.7680.0.3840.2400@192dpi" width="3678" height="1898" />
    <size key="GridCell.Tab.0.left.11520.0.3840.2160@288dpi" width="3594" height="1614" />
    <size key="GridCell.Tab.0.center.11520.0.3840.2160@288dpi" width="3594" height="1614" />
    <size key="GridCell.Tab.0.right.11520.0.3840.2160@288dpi" width="3594" height="1614" />
    <size key="GridCell.Tab.0.bottom.11520.0.3840.2160@288dpi" width="3594" height="1614" />
  </component>
  <component name="WindowManager">
    <frame x="-12" y="-12" width="3855" height="2103" extendedState="6" />
  </component>
  <component name="WindowStateApplicationService">
    <state x="998" y="551" key="APPLICATION_WIDE_STORE_#rider.projectView.actions.properties.EditPropertiesDialogFile" timestamp="1744893670342">
      <screen x="0" y="0" width="2560" height="1400" />
    </state>
    <state x="998" y="551" key="APPLICATION_WIDE_STORE_#rider.projectView.actions.properties.EditPropertiesDialogFile/-3840.0.1920.1170/0.0.2560.1400" timestamp="1744893670342" />
    <state width="629" height="451" key="ShowUsagesActions.dimensionServiceKey" timestamp="1746016364825">
      <screen x="0" y="0" width="2560" height="1400" />
    </state>
    <state width="629" height="451" key="ShowUsagesActions.dimensionServiceKey/-3840.0.1920.1170/0.0.2560.1400" timestamp="1746016364825" />
    <state width="490" height="187" key="ShowUsagesActions.dimensionServiceKey/0.0.1920.1160" timestamp="1745918155691" />
    <state width="603" height="139" key="ShowUsagesActions.dimensionServiceKey/0.0.1920.1160/3840.0.1280.680" timestamp="1741685953787" />
    <state width="501" height="187" key="ShowUsagesActions.dimensionServiceKey/0.0.1920.1160/3840.0.2560.1400" timestamp="1740751111374" />
    <state width="653" height="843" key="ShowUsagesActions.dimensionServiceKey/3840.0.1920.1170/0.0.2560.1400" timestamp="1744360545330" />
    <state x="1279" y="597" width="1067" height="785" key="WELCOME_SCREEN" timestamp="1744802585145">
      <screen x="0" y="0" width="2560" height="1400" />
    </state>
    <state x="1279" y="597" width="1067" height="785" key="WELCOME_SCREEN/-3840.0.1920.1170/0.0.2560.1400" timestamp="1744802585145" />
    <state x="960" y="495" width="800" height="650" key="WELCOME_SCREEN/0.0.1920.1160" timestamp="1740394535056" />
    <state x="1279" y="597" width="1067" height="785" key="WELCOME_SCREEN/3840.0.1920.1170/0.0.2560.1400" timestamp="1740485776754" />
  </component>
</application>